<?xml version="1.0" encoding="UTF-8"?>
<xfdf xmlns="http://ns.adobe.com/xfdf/" xml:space="preserve"
><fields
><field name="AgeGroup"
><value
>Choice7</value
></field
><field name="Agree Form"
><value
>Yes</value
></field
><field name="AttemptedSuicide"
><value
>Choice1</value
></field
><field name="Chosen Last Name"
><value
>Beck</value
></field
><field name="ChosenFirstName"
><value
>Warren</value
></field
><field name="CigaretteSmoker"
><value
>No</value
></field
><field name="CigarettesEver"
><value
>No</value
></field
><field name="Clothing"
><value
>Yes</value
></field
><field name="Comments"
><value
>Date needs to be fixed</value
></field
><field name="Crisis Intervention"
><value
>Off</value
></field
><field name="Email"
><value
>wwbeck360@gmail.com</value
></field
><field name="Eployment Assistance"
><value
>Off</value
></field
><field name="Ethnicity"
><value
>Choice1</value
></field
><field name="FamilySupportGroup"
><value
>Yes</value
></field
><field name="First NameRow1"
><value
>Wallace</value
></field
><field name="FoodAssistance"
><value
>Off</value
></field
><field name="GenderIdentiy"
><value
>Choice9</value
></field
><field name="HIVStatus"
><value
>Choice2</value
></field
><field name="HIV_HEPC_ED"
><value
>Off</value
></field
><field name="Hair Removal"
><value
>Off</value
></field
><field name="HepC_Status"
><value
>Choice4</value
></field
><field name="Housing Referral"
><value
>Off</value
></field
><field name="Income"
><value
>Choice3</value
></field
><field name="Last NameRow1"
><value
>Beck</value
></field
><field name="Legal Gender Change"
><value
>Off</value
></field
><field name="Legal Referral"
><value
>Off</value
></field
><field name="Mental_Health"
><value
>Off</value
></field
><field name="Peer/ES"
><value
>Off</value
></field
><field name="Pet Food"
><value
>Off</value
></field
><field name="Race"
><value
>Choice9</value
></field
><field name="ReferralMC"
><value
>Off</value
></field
><field name="Religion"
><value
>Choice7</value
></field
><field name="SUBMIT"
/><field name="SafeSpace"
><value
>Yes</value
></field
><field name="ServicesReferral"
><value
>Off</value
></field
><field name="Sexual Orientation"
><value
>Choice1</value
></field
><field name="SmokeMarijuana"
><value
>Yes</value
></field
><field name="SmokeMarijuanaEver"
><value
>Yes</value
></field
><field name="StableHousing"
><value
>Choice1</value
></field
><field name="Substance_Intervention"
><value
>Off</value
></field
><field name="SuicidePrevention"
><value
>Off</value
></field
><field name="Support Group"
><value
>Off</value
></field
><field name="Training"
><value
>Yes</value
></field
><field name="Volunteering"
><value
>Off</value
></field
><field name="What is the primary reason you want to connect with the Transgender Health and Wellness Center Row1"
><value
>I need to figure out a way to communicate with your team on a regular basis. This would involve a weekly web call where we can sort through any existing service items.</value
></field
><field name="Youth Assistance"
><value
>Off</value
></field
></fields
><ids original="4FED12C9BB81E34DAC08DD1B8CAF55C9" modified="A550C38C90740E46A81FA4011AC5D87B"
/></xfdf
>